,0
minutes_N1,0.63656447097125
minutes_L3,0.4515502568218195
minutes_L2,0.4513275217031687
total_points_L6,0.4478567943188531
total_points_SAT,0.44654561310013036
ict_index_L6,0.44326420166911906
lasted_long_L3,0.44185804164329023
minutes_L6,0.4399657764554976
bps_L6,0.43920655513961243
lasted_long_L2,0.43747461271918464
ict_index_SALOC,0.4359179594765941
ict_index_SAT,0.435485590322704
minutes_L1,0.4347886140937286
ict_index_L3,0.43475360268752844
lasted_long_L6,0.433461822881621
total_points_SALOC,0.4329997652458677
bps_L3,0.4311929934193346
influence_L6,0.43056978618544084
total_points_L3,0.4300611775423775
influence_SAT,0.4274365914117483
bps_SAT,0.42387987241899366
minutes_SALOC,0.42052711091391437
bps_SALOC,0.419009178339352
influence_L3,0.4179975219801072
influence_SALOC,0.4174446838623614
minutes_SAT,0.41558821891835457
ict_index_L2,0.41451688268017023
lasted_long_SALOC,0.41314543333914117
lasted_long_L1,0.4118848238754833
lasted_long_SAT,0.41032202098479736
bps_L2,0.40923771188545355
total_points_L2,0.39902307312670615
influence_L2,0.3953090189677204
decent_week_SAT,0.3854001987792448
decent_week_L6,0.3754876214126569
ict_index_L1,0.37040098537245586
bps_L1,0.3683336907817116
clean_sheets_SAT,0.36529595483244026
creativity_L6,0.36081597179982877
decent_week_SALOC,0.3566874092940245
threat_L6,0.3549024610453158
threat_SALOC,0.3528305420642878
influence_L1,0.3513415738603609
creativity_SALOC,0.35006719699503086
creativity_SAT,0.34992570339424167
threat_SAT,0.34948760148634955
creativity_L3,0.34625209638504556
clean_sheets_L6,0.34578022115468354
threat_L3,0.34502662995259237
total_points_L1,0.34436363674932974
decent_week_L3,0.3434832345623658
good_week_SAT,0.3426356983819774
bonus_SAT,0.3368405048908308
clean_sheets_SALOC,0.33411768393976676
goals_conceded_SAT,0.33303716568660896
selected,0.3315111972548514
creativity_L2,0.327164570413317
threat_L2,0.3232306311969457
goals_conceded_L6,0.32108023706719696
clean_sheets_L3,0.31127739713109115
decent_week_L2,0.3110368370146768
goals_conceded_SALOC,0.30885535674028286
goals_conceded_L3,0.29945135436622994
good_week_L6,0.2970666703968495
good_week_SALOC,0.2947119254467395
transfers_in_SALOC,0.29291116895347163
value,0.29009558365320093
goals_scored_SAT,0.28901246682392145
bonus_L6,0.2886986549974439
creativity_L1,0.28837371944099566
assists_SAT,0.2871297091859755
transfers_in_SAT,0.28647969082169183
bonus_SALOC,0.28646385261062124
transfers_in,0.28521418961210787
goals_conceded_L2,0.2822043824723701
clean_sheets_L2,0.28000562251086475
transfers_in_L3,0.2755506395506251
threat_L1,0.2736117827628854
transfers_in_L6,0.27252740590576013
transfers_out_SAT,0.26934452562352507
goals_scored_L6,0.26910433263974565
transfers_in_L2,0.26654466037090474
transfers_out_SALOC,0.26497331116114076
goals_scored_SALOC,0.2628981000394794
good_week_L3,0.2601017201857578
assists_L6,0.25521331045825996
assists_SALOC,0.2546332156056967
decent_week_L1,0.25348109844770284
bonus_L3,0.24735898432948095
goals_scored_L3,0.24037014138052354
great_week_SAT,0.2394557368258148
goals_conceded_L1,0.23684375972177985
transfers_out_L6,0.23343559332114489
transfers_in_L1,0.23242018090631741
good_week_L2,0.2270342041710755
clean_sheets_L1,0.218449885606517
assists_L3,0.21657484690034765
goals_scored_L2,0.2126928515315163
bonus_L2,0.21175746193958309
yellow_cards_SAT,0.20912558870275122
transfers_out_L3,0.199878383160735
great_week_L6,0.19875391629420722
great_week_SALOC,0.19563307602653937
yellow_cards_L6,0.18512604680068928
assists_L2,0.1801080461340937
good_week_L1,0.17693642130992923
transfers_out_L2,0.17515333912731296
yellow_cards_SALOC,0.1743068164705539
goals_scored_L1,0.16995018519966792
bonus_L1,0.1692662005024106
great_week_L3,0.1648621588863868
transfers_out_L1,0.16398940115506414
transfers_balance,0.16105423609506364
yellow_cards_L3,0.15881477474416142
oddsL,0.15657700308214856
transfers_out,0.14958588106765833
assists_L1,0.14855899676238482
yellow_cards_L2,0.14241005857802588
oddsL_SALOC,0.13848176619161942
Sf_SALOC,0.13489501836405532
Cf_SALOC,0.12983316790931002
great_week_L2,0.12930637867727396
oddsD_SALOC,0.1277761189789044
saves_L6,0.1271257145761388
STf_SALOC,0.12688646054336766
saves_L2,0.1261433424710305
saves_L3,0.12531058650454993
FTgf_SALOC,0.12348272042862499
saves_SAT,0.12132491279805029
saves_SALOC,0.11939878641983273
saves_L1,0.11867894645690691
pts_SALOC,0.11859109509965954
transfers_balance_L2,0.10887331779976356
oddsL_SAT,0.10702299327480388
oddsL_L6,0.10628728807364658
yellow_cards_L1,0.10564677615007914
great_week_L1,0.10364388565970761
FIX1_Sa_SALOC,0.10298440362940076
oddsD_SAT,0.10097239612671144
transfers_balance_L3,0.1006030539963535
oddsL_L3,0.10032252288691774
FIX1_Ca_SALOC,0.10017850108900449
FIX1_Ca_SAT,0.10007101394462384
FTgf_SAT,0.09976479293123601
FIX1_Sa_SAT,0.099664943909157
FIX1_num_opponents,0.09878847411229967
transfers_balance_L1,0.09764809052941434
FIX1_STa_SAT,0.096701539950258
pts_SAT,0.09651123217048391
FIX1_avg_team_pts_concession_pos_SAT,0.09640202542506325
FIX1_Ca_L6,0.09628878265740257
oddsD_L6,0.09624864928675152
transfers_balance_SAT,0.09549070988951248
STf_SAT,0.09354797743456428
FIX1_Sa_L6,0.09298559473453648
Sf_SAT,0.09187921347640339
FIX1_max_team_pts_concession_pos_SAT,0.09099761827444712
penalties_missed_SAT,0.09086545591244971
FIX1_Ff_SALOC,0.09038234432914592
transfers_balance_L6,0.09033417754437066
oddsD_L3,0.09015462678893545
FIX1_Sa_L3,0.08971673684833974
FIX1_oddsW_SALOC,0.0891135865897498
FIX1_Ff_SAT,0.08909962921755928
STf_L6,0.08908225406176214
FIX1_STa_SALOC,0.08669632787263311
FTgf_L6,0.08664237208935029
FIX1_oddsW_SAT,0.0862217651988486
FIX1_Ca_L3,0.08543421343375365
Sf_L6,0.08540800521131663
substitute_SALOC,0.08480136809488484
Cf_SAT,0.08413899061688379
pts_L6,0.08364174986041885
FIX1_Ff_L6,0.0835489613934103
oddsL_L2,0.08319897905140759
substitute_SAT,0.08268649884974284
FIX1_avg_team_pts_concession_pos_SALOC,0.0824054321012199
FIX1_avg_team_pts_concession_pos_L6,0.08228635417986468
FIX1_Fa_L6,0.08046715166688197
FIX1_STa_L6,0.07989180797991487
Cf_L6,0.07958100136906048
FIX1_Sa_L2,0.07938253813460609
FIX1_FTga_SAT,0.07924985120898069
FIX1_Fa_SAT,0.07809716350530323
STf_L3,0.077686038428369
FIX1_max_team_pts_concession_pos_SALOC,0.07733427159298459
FTgf_L3,0.07703223344831223
penalties_missed_SALOC,0.07611956859295306
FIX1_avg_team_pts_concession_pos_L3,0.0755905148298801
Sf_L3,0.07467156932569659
hour,0.07417127405492766
FIX1_Fa_L2,0.07409801875701573
FIX1_Ca_L2,0.0736433438290913
FIX1_Fa_L3,0.07323864521338622
FIX1_Ff_L3,0.07178776484636659
FIX1_Ff_L2,0.07131696022111982
FIX1_oddsW_L6,0.07119362563779683
pts_L3,0.07118203567256316
transfers_balance_SALOC,0.07097733503522478
FIX1_STa_L3,0.07085545012204561
FIX1_max_team_pts_concession_pos_L6,0.06918457800284653
FIX1_STa_L2,0.0683631316708732
FIX1_Fa_SALOC,0.06718574663487908
oddsL_L1,0.06608790081619365
FIX1_max_team_pts_concession_pos_L3,0.06494668390163807
Fa_SALOC,0.06485147413177064
Sf_L2,0.0631626615190383
oddsD_L2,0.06287155650633738
was_home,0.06276917779762191
oddsD,0.062370738062090016
FIX1_Sa_L1,0.06091729313429536
FIX1_FTga_SALOC,0.0604882304253033
substitute_L6,0.06022096638232969
FIX1_avg_team_pts_concession_pos_L2,0.05991765014234733
FIX1_Fa_L1,0.05917533105946159
FIX1_STa_L1,0.05871173305352996
FIX1_Ca_L1,0.057890846817485936
Cf_L3,0.057166609758850545
STf_L2,0.05687751040241004
FIX1_Ff_L1,0.05638112712722665
own_goals_SAT,0.05634139830711689
penalties_saved_SAT,0.055979724570380196
penalties_missed_L6,0.05569258172726168
pts_L2,0.05553050555068239
FIX1_FTga_L3,0.05443590136200394
FIX1_oddsW_L3,0.05436953335619419
red_cards_SAT,0.05363116496226741
FIX1_max_team_pts_concession_pos_L2,0.052258561790556095
FIX1_FTga_L6,0.05116783687637738
FIX4_Sa_L3,0.05111770836478117
substitute_L3,0.050642626318619946
FTgf_L2,0.0505578459168339
oddsD_L1,0.04970449944835945
FIX1_FTga_L2,0.048663335850002515
FIX1_oddsW_L2,0.04846060397767094
FIX6_Ff_L2,0.04777056806400495
FIX5_Sa_L3,0.04748037155228497
FIX4_Sa_L2,0.046198633050144024
FIX4_Ca_L6,0.045893369422557326
FIX4_Sa_L6,0.045741838786341665
FIX5_Sa_L2,0.04548773518374504
FIX5_avg_team_pts_concession_pos_L3,0.045183257137918154
FIX5_Fa_L2,0.04518037045695143
substitute_L2,0.04507949020100066
FIX6_avg_team_pts_concession_pos_L3,0.04471791669538871
FIX2_Ca_L6,0.04463932474006632
FIX4_Ca_L3,0.04440605092147216
FIX5_Ca_L6,0.044386328237068035
FIX6_Fa_L2,0.04429993910331739
FIX5_Sa_L6,0.04418120217932089
penalties_saved_L6,0.043789240159791375
own_goals_L6,0.04331605327400681
FIX2_num_opponents,0.043039624816857865
red_cards_SALOC,0.04250833280148543
FIX3_Sa_L3,0.04221964444463052
Cf_L2,0.04197175362032434
position,0.041403886875524085
FIX3_num_opponents,0.04133408900031981
FIX1_FTga_L1,0.04127536971305186
FIX1_avg_team_pts_concession_pos_L1,0.04110830335639091
FIX4_Ca_L2,0.041073178757493986
penalties_missed_L3,0.04045464172437728
own_goals_SALOC,0.04039271885397842
FIX6_Ca_L6,0.039678781939453
FIX6_Sa_L3,0.039587682994293376
FIX5_Ca_L3,0.0394735328744766
FIX3_Ca_L6,0.039316416755813904
FIX2_Ca_L3,0.039202726466175494
FIX3_Sa_L2,0.039143320792837895
FIX6_Sa_L6,0.03913795936079485
Ff_SALOC,0.03911349853132852
FIX3_Ca_L3,0.039039637013330006
Sf_L1,0.038997425121203765
own_goals_L3,0.038197399051204756
FIX6_Sa_L2,0.037921307478236244
FIX4_Ff_L2,0.037878440617627525
FIX4_Sa_SAT,0.037829952096555375
FIX2_Sa_L3,0.037782932202446315
penalties_saved_SALOC,0.037684331422175796
FIX4_Fa_L2,0.03765615499576121
FIX5_STa_L2,0.03727664962293093
FIX3_Fa_L2,0.03706344042371428
penalties_missed_L2,0.037003558333493634
FIX6_Fa_L3,0.0368563248180096
FIX3_Sa_L6,0.0365755450814974
FIX5_Sa_SAT,0.036470456681448535
FIX5_Fa_L3,0.036352586266099524
FIX2_avg_team_pts_concession_pos_L6,0.0356933574606423
FIX6_Sa_SAT,0.035636543056335214
substitute_L1,0.03563276876467095
FIX1_max_team_pts_concession_pos_L1,0.03537987728336332
FIX6_Ca_L3,0.035196184010845365
FIX6_Ff_L6,0.03504028823038915
FIX5_Ff_L2,0.03496557812329955
STf_L1,0.034863437098710086
FIX5_Fa_L1,0.03474043118454735
FIX5_avg_team_pts_concession_pos_L6,0.03469661229069679
FIX2_Ca_SAT,0.03467159063585075
FIX2_Sa_L6,0.034597399500710925
FIX2_avg_team_pts_concession_pos_L3,0.034297009711415354
FIX5_avg_team_pts_concession_pos_L2,0.03408597778399637
FIX4_STa_L2,0.03379715205161761
FIX4_Sa_L1,0.033649830091166705
FIX6_Ff_L3,0.03357821636521069
FIX6_Fa_L1,0.03331513858002493
FIX2_avg_team_pts_concession_pos_SAT,0.03303226494350096
pts_L1,0.032951582276208445
FIX5_Ca_L2,0.03278242474046509
FIX2_Sa_L2,0.03267369612935451
FIX4_avg_team_pts_concession_pos_L3,0.03266680972102489
FIX6_STa_L2,0.03257312363803091
FIX3_Sa_SAT,0.032458030106865064
FIX6_Ca_SAT,0.03226617206491145
FIX4_STa_L1,0.03217890146535238
FIX6_avg_team_pts_concession_pos_SAT,0.032128538845846766
FIX5_STa_L3,0.03201398570868112
penalties_saved_L3,0.03198417404121884
FIX5_STa_L1,0.03174826696032701
FIX6_Fa_L6,0.031584586795224474
FIX5_avg_team_pts_concession_pos_SAT,0.03157275313566414
FIX4_STa_L3,0.03140207380082465
FIX3_Fa_L6,0.0313034306322436
FIX2_Sa_SAT,0.031106450072207286
FIX6_avg_team_pts_concession_pos_L6,0.031079844753323215
FIX4_Ca_SAT,0.03086980192163751
FIX6_Ff_L1,0.030627086134048038
FIX1_oddsW_L1,0.030571658207381617
FIX6_num_opponents,0.030357919895017047
FIX2_Fa_L2,0.030312504370903284
FIX4_Fa_L3,0.030296663093660935
FTgf_L1,0.030117050490529883
FIX3_Ca_SAT,0.02993136079489033
FIX5_Fa_L6,0.029791173876894138
FIX5_Sa_L1,0.029764718911304403
FIX2_Fa_L1,0.02974814457580384
FIX3_avg_team_pts_concession_pos_L3,0.029681473573706225
FIX5_max_team_pts_concession_pos_L3,0.02937902214838384
FIX4_Fa_L6,0.029362662185584348
FIX6_Ca_L2,0.029300955762915474
FIX3_Ca_L2,0.028915973546227897
FIX4_Ca_L1,0.02883795038294749
FIX4_Fa_L1,0.028720519657717096
FIX3_avg_team_pts_concession_pos_L6,0.028508296313033435
FIX4_avg_team_pts_concession_pos_SAT,0.028383891100735085
FIX3_Fa_L1,0.028357979272911366
FIX2_max_team_pts_concession_pos_L3,0.0282923775383285
FIX2_STa_L2,0.02825778333217513
FIX2_STa_L6,0.028067033378540406
FIX2_Ff_L2,0.02796396055735445
FIX5_num_opponents,0.02788191271266718
FIX6_avg_team_pts_concession_pos_L2,0.027874140680774873
FIX6_max_team_pts_concession_pos_L3,0.027794103056410852
FIX3_STa_L2,0.027591593540127905
FIX2_Ff_L1,0.02752916693605295
ppmin,0.02747920608866026
FIX4_oddsW_SAT,0.02707155101206683
FIX4_avg_team_pts_concession_pos_L2,0.02695568236263532
Cf_L1,0.02693970059306404
FIX4_STa_L6,0.026810638864900514
penalties_saved_L2,0.026746773663196683
FIX5_Ca_SAT,0.02663015813060554
FIX4_Ff_L6,0.0264605521199173
FIX4_Ff_L1,0.026388377948424684
FIX2_STa_L3,0.02638529649310933
FIX2_oddsW_SAT,0.02597741729832267
FIX4_avg_team_pts_concession_pos_L6,0.025863548513977975
FIX3_Fa_L3,0.02581470801284097
FIX6_STa_L3,0.025685687724635923
FIX2_max_team_pts_concession_pos_SAT,0.02558028003009407
own_goals_L2,0.02557998689603589
FIX5_STa_L6,0.025477073164471956
FIX3_STa_L1,0.025370190390376433
FIX2_Ca_L2,0.025279293904751875
own_goals_L1,0.02527268987766148
FIX3_oddsW_SAT,0.025255815221910668
FIX3_max_team_pts_concession_pos_L3,0.025219634113855333
FIX6_oddsW_SAT,0.02417013186939565
FIX2_max_team_pts_concession_pos_L6,0.02405783804025396
FIX2_STa_SAT,0.023949261727818853
FIX5_Ff_L1,0.023905072230061577
FIX4_STa_SAT,0.02375867016421298
FIX3_Sa_L1,0.023624474964098727
FIX2_Fa_L6,0.023601338757492523
FIX2_STa_L1,0.0235864556015222
FIX4_num_opponents,0.023494629020378865
FIX5_max_team_pts_concession_pos_L2,0.02332895213599254
FIX3_Ff_L2,0.02328422159651535
FIX6_Ca_L1,0.02320322245971857
FIX2_avg_team_pts_concession_pos_L2,0.022945781419645872
FIX5_Ca_L1,0.02284948583715764
FIX6_max_team_pts_concession_pos_SAT,0.022747971971264252
FIX3_STa_L6,0.0227050308725715
penalties_saved_L1,0.022482873959481862
penalties_missed_L1,0.0224828739594818
FIX3_avg_team_pts_concession_pos_SAT,0.022353877302286433
FIX5_Ff_L6,0.02216497764715959
FIX3_Ff_L1,0.022147314557760873
FIX4_max_team_pts_concession_pos_L3,0.022097775206829578
FIX5_oddsW_SAT,0.02184362290967316
is_pos_3,0.02179989969481881
FIX6_STa_L1,0.021656596419358375
FIX2_oddsW_L6,0.021608770136641545
FIX3_STa_L3,0.021481568720976528
FIX5_STa_SAT,0.021343239199712555
FIX5_max_team_pts_concession_pos_SAT,0.021143712893792837
FIX4_Ff_L3,0.020857102586475468
FIX2_oddsW_L3,0.020856911298643102
FIX6_oddsW_L6,0.020809707208529045
is_pos_4,0.020808576384946043
FIX6_STa_SAT,0.02079610084070336
FIX4_FTga_L3,0.02066120116106477
FIX6_Sa_L1,0.020311618088745233
FIX6_oddsW_L2,0.019999173432067006
FIX6_STa_L6,0.01981516407084397
FIX2_Ff_L6,0.019472004854936824
FIX4_max_team_pts_concession_pos_SAT,0.019345524680710952
FIX2_oddsW_L2,0.019120126238222054
FIX6_max_team_pts_concession_pos_L6,0.019069234172621363
FIX2_Fa_L3,0.018928935229498487
FIX3_Ff_L6,0.018911072619353087
FIX3_avg_team_pts_concession_pos_L2,0.018896940410296104
FIX5_Ff_L3,0.018823530130653788
FIX6_max_team_pts_concession_pos_L2,0.018561888363911174
FIX5_max_team_pts_concession_pos_L6,0.018461944103674754
FIX4_max_team_pts_concession_pos_L2,0.018385372940216246
FIX6_oddsW_L3,0.018349620185168815
FIX3_STa_SAT,0.01828524507690052
FIX6_avg_team_pts_concession_pos_L1,0.01825909401063814
FIX3_FTga_L3,0.018187245521801322
FIX2_FTga_L3,0.01804187118170502
FIX2_FTga_SAT,0.017987793111920624
FIX5_oddsW_L6,0.01789637063039185
FIX4_oddsW_L1,0.017890187464280744
FIX3_max_team_pts_concession_pos_L6,0.01769945899469891
FIX4_oddsW_L6,0.017560571839392643
FIX3_oddsW_L6,0.017273273835325793
FIX4_FTga_L2,0.017224478519019832
FIX4_oddsW_L3,0.0171890890460403
days_rest,0.017100540744830615
FIX2_Ff_L3,0.01709334937487465
FIX6_oddsW_L1,0.016915959512284705
FIX4_oddsW_L2,0.016777350925627647
FIX5_oddsW_L2,0.016678569337488486
FIX3_oddsW_L3,0.016673610404162018
FIX5_avg_team_pts_concession_pos_L1,0.016673545665091462
FIX2_FTga_L2,0.016569546960242473
FIX5_oddsW_L1,0.01647465763571844
FIX1_days_rest,0.01614889965791384
FIX5_oddsW_L3,0.015972962802573452
FIX4_max_team_pts_concession_pos_L6,0.01564853660785232
FIX3_max_team_pts_concession_pos_SAT,0.015547271668913409
FIX5_FTga_L2,0.015520104041100519
FIX6_FTga_L2,0.015297769438683577
FIX3_FTga_L2,0.01515319258943764
FIX3_oddsW_L2,0.015004887655275315
FIX6_Ff_SAT,0.014507255393710542
FIX2_Sa_L1,0.014503939929611813
FIX6_max_team_pts_concession_pos_L1,0.01433418759963945
FIX4_avg_team_pts_concession_pos_L1,0.013922826575093245
FIX2_Ca_L1,0.013922149433000826
FIX5_FTga_L3,0.013771012066577515
FIX3_Ca_L1,0.013607923317837525
FIX2_max_team_pts_concession_pos_L2,0.013448249937325124
FIX3_Ff_L3,0.012983326914187238
FIX5_max_team_pts_concession_pos_L1,0.01295555902727437
FIX4_Fa_SAT,0.012759973136395441
FIX1_oddsD_SAT,0.012543242241714178
FIX5_Fa_SAT,0.012154242988329463
FIX3_max_team_pts_concession_pos_L2,0.011874206009984714
FIX6_FTga_L3,0.011604997417242644
FIX1_oddsD_SALOC,0.01130134667280892
FIX3_Fa_SAT,0.011191367825728162
FIX2_Fa_SAT,0.011077760025976555
FIX3_oddsW_L1,0.010572438461934851
FIX6_Fa_SAT,0.01052499005739949
FIX1_oddsD_L2,0.010357499444017934
FIX4_FTga_L1,0.009233132393610843
FIX2_FTga_L1,0.009111669739330211
FIX4_max_team_pts_concession_pos_L1,0.008211526778844642
FIX2_oddsW_L1,0.008128005962623055
FIX1_oddsD_L6,0.007881544333628778
FIX2_Ff_SAT,0.007605967332583702
FIX1_Cf_L1,0.007035150152497861
FIX3_FTga_L1,0.006520948344541596
FIX5_FTga_L1,0.005713123638324954
FIX1_Cf_SAT,0.00570121276240005
FIX2_FTga_L6,0.004798056429448578
FIX5_Ff_SAT,0.00465576185942965
day,0.004497673305088171
FIX3_avg_team_pts_concession_pos_L1,0.003783723922106161
FIX4_Ff_SAT,0.0030027423428304377
FIX2_max_team_pts_concession_pos_L1,0.0029092559727737608
FIX3_FTga_SAT,0.00271968816309181
FIX2_avg_team_pts_concession_pos_L1,0.0022264337453335994
FIX4_FTga_SAT,0.0021351257910726122
FIX1_oddsD_L1,0.002121331805137902
FIX1_oddsD_L3,0.0019000853897203217
FIX6_FTga_L1,0.0012180051322310391
FIX1_Sf_L1,0.0011852153204496316
FIX3_max_team_pts_concession_pos_L1,0.0011200956113552993
red_cards_L6,0.0007925620542630081
FIX1_Cf_L2,0.0007333900684086395
FIX1_Cf_L3,-0.00036280777576345763
FIX4_oddsD_L1,-0.001134645658374132
FIX3_Ff_SAT,-0.0012677124015735683
FIX6_FTga_SAT,-0.0018316214836227342
FIX5_oddsD_L1,-0.002445135415595359
FIX1_Cf_L6,-0.0025459365572616994
FIX3_FTga_L6,-0.0037550273197215754
FIX5_FTga_SAT,-0.0037873927356055293
FIX1_STf_L1,-0.00408932889088689
Fa_L3,-0.004136331013085196
FIX1_Sf_L2,-0.0053215991151076055
Fa_L6,-0.006090969252663062
FIX3_oddsD_L2,-0.006629897480001498
FIX4_FTga_L6,-0.0068137006649031185
FIX6_oddsD_L1,-0.00707408448485363
FIX1_Sf_L3,-0.007190885088599008
FIX3_oddsD_L1,-0.0072652110574054135
FIX6_oddsD_L2,-0.008366530525197221
Fa_L1,-0.008436009114513051
FIX2_Sf_L1,-0.008485753465368074
FIX6_Cf_L1,-0.008502793740036266
FIX5_oddsD_L2,-0.008571563338658108
FIX4_oddsD_L2,-0.009679894891058966
FIX2_Cf_L1,-0.01025847056287341
FIX2_STf_L1,-0.010474606435100647
FIX6_FTga_L6,-0.010927703677564007
Fa_L2,-0.011109273202786117
FIX1_Sf_L6,-0.011395535841817066
Ff_L1,-0.012030580009135641
FIX1_pts_L1,-0.013642101271667605
FIX2_FTgf_L1,-0.013718111589355236
FIX5_FTga_L6,-0.013883205432049595
FIX5_Cf_L1,-0.013995858061546015
Fa_SAT,-0.014046234585353663
FIX2_oddsD_L2,-0.014313293153943118
FIX1_STf_L2,-0.014370665668851847
FIX1_FTgf_L1,-0.014380570917622409
FIX3_FTgf_L1,-0.014412443101054481
FIX3_Sf_L1,-0.014447047283175113
FIX1_Sf_SAT,-0.014632843491285939
FIX2_pts_L1,-0.015025292210110062
FIX3_pts_L1,-0.015086883108494873
red_cards_L1,-0.015253588688406648
FIX6_Sf_L1,-0.015410809719927981
FIX3_STf_L1,-0.015683954805030473
is_pos_2,-0.016323630030891243
FIX1_Cf_SALOC,-0.016415717241295657
FIX4_Cf_L1,-0.016604120934562195
red_cards_L2,-0.016876724822568204
Sa_SALOC,-0.016933375722356196
FIX2_oddsD_L1,-0.016963107424321753
red_cards_L3,-0.017072477770856787
FIX3_oddsL_L2,-0.017214514121190013
FIX5_Sf_L1,-0.01748418635581326
FIX3_Cf_L1,-0.01813747385248637
FIX4_Sf_L1,-0.018405803423430976
FIX6_oddsD_L3,-0.018540083644059836
FIX3_oddsL_L1,-0.019130063311096443
FIX6_Sf_L2,-0.019256201611098263
FIX3_Sf_L2,-0.019692163022388725
STa_SALOC,-0.02017581366237764
oddsW_L1,-0.02037667657788554
FIX5_Cf_SAT,-0.02046433194685371
FIX3_oddsD_L3,-0.02046662848834708
FIX6_Cf_L3,-0.020515401839483017
FIX4_oddsL_L1,-0.020542946944052114
FIX2_Sf_L2,-0.02064747050458743
Ca_SALOC,-0.0207259113602245
FIX3_FTgf_L2,-0.02077473476558336
FIX5_oddsL_L1,-0.02083400283698097
FIX1_pts_L2,-0.021081066428388705
FIX5_oddsD_L3,-0.021097015956008894
FIX6_Cf_L2,-0.021356749981209226
FIX6_Cf_SAT,-0.0218485168967974
FIX4_oddsD_L3,-0.022262863607471636
team,-0.022979757760649863
FIX5_Sf_L2,-0.0229927599301941
FIX6_Sf_L3,-0.023177662718288108
FIX5_oddsL_L2,-0.023290121737919344
FIX4_oddsL_L2,-0.023333386805504994
FIX1_STf_L3,-0.02341096354286156
FIX5_pts_L1,-0.023607242789517636
FIX1_FTgf_L2,-0.023643869617459217
FIX2_oddsL_L1,-0.023887708939160816
FIX4_Sf_L2,-0.024607652205772063
FIX5_STf_L1,-0.025383533573952424
FIX5_FTgf_L1,-0.025410211974807296
FIX4_STf_L1,-0.02558479022079808
FIX4_Cf_SAT,-0.0255886035314002
FIX3_STf_L2,-0.026055860466474318
FIX6_oddsL_L1,-0.026108111621104633
FIX6_oddsL_L2,-0.02612886050749069
FIX1_STf_L6,-0.026246860061326135
FIX6_Cf_L6,-0.02678670407290828
FIX1_pts_L6,-0.02702038683256236
FIX1_pts_L3,-0.027112630421754894
FIX3_pts_L2,-0.02745942122784687
FIX3_oddsL_L3,-0.027548351225224834
FIX2_FTgf_L2,-0.02788344444470711
FIX2_Sf_L3,-0.028108048622970117
FIX5_Sf_L3,-0.028119552204477913
FIX2_oddsL_L2,-0.02841398723709003
FIX2_pts_L2,-0.028539329184503824
FIX5_Cf_L6,-0.028544307116595318
Ff_L3,-0.028630823154074204
FIX5_Cf_L3,-0.02873991472536883
FIX2_STf_L2,-0.028778370988146087
FIX3_Cf_SAT,-0.028828252156047725
FIX2_Cf_L2,-0.028977214173698692
FIX5_Sf_SAT,-0.02912365436037752
FIX1_Sf_SALOC,-0.02938289775385333
FIX5_Cf_L2,-0.02961631461703122
FIX6_oddsD_L6,-0.029619056761904253
FIX2_oddsD_L3,-0.02975971278976453
FIX3_Sf_L3,-0.029963479244678584
FIX6_FTgf_L1,-0.03013704390865836
FIX5_oddsL_L3,-0.03018484957079675
FIX6_pts_L1,-0.030197833119174382
FIX1_pts_SAT,-0.030438613006731875
FIX6_oddsL_L3,-0.03046571319687677
FIX3_pts_SAT,-0.030545529453519443
FIX3_Cf_L2,-0.030695239283583885
FTga_SALOC,-0.030723075531102085
FIX4_oddsL_L3,-0.03089149488266511
FIX4_pts_L1,-0.03131829473723429
FIX4_STf_L2,-0.03136863737475097
FIX4_FTgf_L1,-0.031378789067353266
FIX6_STf_L1,-0.031464803456662443
FIX2_Cf_SAT,-0.03149496089884912
FIX5_oddsD_L6,-0.03150549377888096
FIX4_FTgf_L2,-0.031571596213083995
FIX1_oddsL_L1,-0.03177574264128599
FIX4_Sf_L3,-0.03196314478375702
Sa_L1,-0.03208867761217643
FTga_L1,-0.03213035787755573
FIX3_Cf_L6,-0.03234870044601617
FIX6_Sf_L6,-0.03274908972727678
FIX1_STf_SAT,-0.03275958605451768
FIX3_pts_L6,-0.032856633008884244
Ff_L2,-0.033036274685723996
FIX2_Cf_L3,-0.03315080732051529
is_pos_1,-0.03327129143611296
FIX6_Sf_SAT,-0.03328178839504455
FIX3_oddsD_L6,-0.03338124066883081
FIX6_FTgf_L2,-0.033595373472678505
FIX3_Sf_SAT,-0.03370692366863844
Ca_L1,-0.03415147834949571
FIX5_Sf_L6,-0.0341529495135036
FIX6_pts_SAT,-0.03416981429656331
FIX3_oddsL_L6,-0.03426867783890161
FIX5_oddsL_L6,-0.034338955699840384
FIX3_Cf_L3,-0.034445092007083206
FIX6_pts_L6,-0.03460341999934726
FIX2_Sf_SAT,-0.03489812664278871
FIX5_FTgf_L2,-0.0349018905535475
FIX4_Sf_SAT,-0.03500212629055564
FIX1_pts_SALOC,-0.035118467150809386
FIX5_pts_L6,-0.035241685390129826
FIX4_oddsD_L6,-0.03548053589718922
FIX6_oddsL_L6,-0.03575070177968427
FIX5_pts_SAT,-0.035857750390421404
pts_goal,-0.036028592283082146
FIX2_Sf_L6,-0.03618196446879954
STa_L1,-0.036247616259964685
FIX5_STf_L2,-0.03645652921692773
FIX3_STf_SAT,-0.03654065037571672
FIX4_pts_L2,-0.03675758839283537
FIX4_oddsL_L6,-0.03680485915584505
FIX4_Cf_L6,-0.03688292630188254
FIX3_Sf_L6,-0.037020920396346635
FIX1_FTgf_L3,-0.037058378511058546
FIX4_Cf_L2,-0.037118473038055856
pts_cs,-0.037158346988094504
FIX2_STf_L3,-0.03741786641897509
FIX4_pts_L6,-0.03750735586516681
FIX3_FTgf_L3,-0.03754770002969645
FIX4_pts_SAT,-0.037867045385548526
FIX1_oddsL_L2,-0.03794800364640828
FIX3_oddsD_SAT,-0.03820299174395188
FIX2_pts_L3,-0.038248499609085856
FIX2_Cf_L6,-0.038255528985348106
FIX6_STf_L2,-0.03841840658631268
oddsW_L2,-0.03842745259042152
FIX2_pts_L6,-0.03859705233518285
FIX1_FTgf_L6,-0.03861541842687335
FIX3_oddsL_SAT,-0.038629882891082
FIX4_Cf_L3,-0.039488057221392356
FIX1_STf_SALOC,-0.03950528759367206
FIX2_oddsL_L3,-0.03959200092228521
FIX3_STf_L6,-0.039813669040223244
FIX2_STf_L6,-0.039839951286411386
FIX5_oddsL_SAT,-0.03988206360869969
FIX2_STf_SAT,-0.0399286927610002
FIX5_pts_L2,-0.039935970369921976
FIX2_oddsD_L6,-0.040039268181653175
FIX5_STf_SAT,-0.04019713457890828
Ff_L6,-0.0403956980887702
FIX2_pts_SAT,-0.04039829238945739
FIX4_STf_SAT,-0.040476756541449374
FIX4_Sf_L6,-0.040825296662077716
FIX3_pts_L3,-0.041126880536695734
FIX4_oddsD_SAT,-0.04113788665412094
FIX4_oddsL_SAT,-0.04127062891965239
FIX3_FTgf_L6,-0.041490867883099684
FIX6_oddsL_SAT,-0.04163748030810275
FIX3_STf_L3,-0.04169274853114167
FIX3_FTgf_SAT,-0.042345429461637205
FIX6_pts_L2,-0.04280532772381607
FIX6_STf_SAT,-0.04307737683653264
FIX2_oddsL_L6,-0.04315084792442819
FIX5_oddsD_SAT,-0.043824071865761705
oddsW_L3,-0.044061071203902
FIX2_FTgf_L3,-0.044062377054869976
FIX6_oddsD_SAT,-0.04427475960814217
FIX1_FTgf_SAT,-0.044293532546592025
Ff_SAT,-0.045074112379886955
FIX4_STf_L6,-0.04613250899860464
FIX5_STf_L6,-0.04615407123527611
FIX6_STf_L3,-0.046793740902954226
FIX4_STf_L3,-0.046939953114964544
FIX2_oddsL_SAT,-0.04698509069282137
FTga_L2,-0.04718188935106287
FIX2_FTgf_SAT,-0.047510648991239246
FIX6_pts_L3,-0.047724023595343855
FIX1_oddsL_L3,-0.0478330684063628
FIX1_FTgf_SALOC,-0.04813293892986431
FIX6_STf_L6,-0.04838991216062855
FIX6_FTgf_L3,-0.04902478780367702
FIX5_pts_L3,-0.04906163697235959
FIX2_FTgf_L6,-0.04921354841263919
FIX5_STf_L3,-0.04957699844487896
FIX5_FTgf_SAT,-0.049605174020180214
FIX4_pts_L3,-0.04965159963186982
FIX4_FTgf_L3,-0.04998651397049411
FIX6_FTgf_SAT,-0.05036176022667167
FIX4_FTgf_SAT,-0.05054115857566139
FIX2_oddsD_SAT,-0.05129371865025696
Ca_L2,-0.05188184591369946
oddsW_SALOC,-0.05208793554108232
FIX4_FTgf_L6,-0.05229171392508171
FIX1_oddsL_L6,-0.052533856816942955
Sa_L2,-0.052535219482533424
gw,-0.05274399761899492
FIX5_FTgf_L6,-0.05281131118253791
FIX5_FTgf_L3,-0.0535101062740299
FIX6_FTgf_L6,-0.05400523768933483
STa_L2,-0.05431208694633194
FIX1_oddsL_SAT,-0.0551083296009319
FTga_L3,-0.05634539721657882
Ca_L3,-0.05870939656929311
STa_L3,-0.0589745992600926
FTga_L6,-0.0599249572504902
Unnamed: 0,-0.06217551467048233
Sa_L3,-0.06265032111505647
Ca_L6,-0.06446672675881997
oddsW_L6,-0.06498455019686517
FIX1_oddsL_SALOC,-0.06585361866955287
Sa_L6,-0.06851664865098717
STa_L6,-0.06956099770438291
Ca_SAT,-0.07009404675498196
Sa_SAT,-0.07080059437669393
FTga_SAT,-0.07923975928543608
oddsW_SAT,-0.08216090399088898
STa_SAT,-0.08309606562466716
oddsW,-0.09323271925098088
element,-0.106856960361726
absent_SALOC,-0.38953220355179385
absent_L1,-0.4239739630613033
absent_SAT,-0.42419835480402396
absent_L6,-0.44047524907665103
absent_L2,-0.4456676848066365
absent_L3,-0.448510531906435
season,
